,Average AUC,Best AUC,Average Return,Average Accuracy,Lost Money Count,Best Return,Worst Return,Best Accuracy,Worst Accuracy,Return Range,Accuracy Range,Average Return NOTH,Average Accuracy NOTH,Average Precision,Average Recall,Average F1
0,0.5677989130434783,0.6336050724637682,776.5699249207878,0.5327956989247312,32.0,1351.461189451289,459.35062135134086,0.6129032258064516,0.4731182795698925,,,689.1591197482942,0.5381720430107525,0.4936688330004837,0.346195652173913,0.3646712443597528
