,Average AUC,Best AUC,Average Return,Average Accuracy,Lost Money Count,Best Return,Worst Return,Best Accuracy,Worst Accuracy,Return Range,Accuracy Range,Average Precision,Average Recall,Average F1
0,0.5975056689342404,0.647392290249433,3844.231825801306,0.6120481927710844,0.0,6501.769734308809,1805.8134692532162,0.6385542168674698,0.5903614457831325,,,0.5279238003375935,0.6111111111111112,0.5573892336035168
